{
 "2D right (quad-split)": {
  "h2": 2.0,
  "d": 2,
  "Cgrad2": {
   "1": 71.99999999999997,
   "2": 314.1640786500086
  },
  "Cdiv2": {
   "1": 95.99999999999997,
   "2": 337.9795897113498
  },
  "Chat2": {
   "1": 0.0,
   "2": 84.00000000000007
  },
  "Chat2df": {
   "1": 0.0,
   "2": 48.000000000000114
  }
 },
 "2D equilateral": {
  "h2": 1.0,
  "d": 2,
  "Cgrad2": {
   "1": 24.00000000000012,
   "2": 120.0000000000044
  },
  "Cdiv2": {
   "1": 48.000000000000114,
   "2": 140.00000000000318
  },
  "Chat2": {
   "1": 0.0,
   "2": 36.0
  },
  "Chat2df": {
   "1": 0.0,
   "2": 24.000000000000185
  }
 },
 "3D right": {
  "h2": 2.0,
  "d": 3,
  "Cgrad2": {
   "1": 160.00000000000045,
   "2": 628.9293881434972
  },
  "Cdiv2": {
   "1": 240.00000000000048,
   "2": 725.9032006179643
  },
  "Chat2": {
   "1": 0.0,
   "2": 199.99999999999795
  },
  "Chat2df": {
   "1": 0.0,
   "2": 146.66666666666598
  }
 },
 "3D Kuhn (cube-split)": {
  "h2": 3.0,
  "d": 3,
  "Cgrad2": {
   "1": 204.8528137423849,
   "2": 755.7232024145011
  },
  "Cdiv2": {
   "1": 359.99999999999955,
   "2": 959.8722825825349
  },
  "Chat2": {
   "1": 0.0,
   "2": 282.42640687119376
  },
  "Chat2df": {
   "1": 0.0,
   "2": 214.14213562373067
  }
 },
 "3D regular": {
  "h2": 1.0,
  "d": 3,
  "Cgrad2": {
   "1": 40.000000000000036,
   "2": 171.6354342082823
  },
  "Cdiv2": {
   "1": 119.99999999999945,
   "2": 273.0000000000038
  },
  "Chat2": {
   "1": 0.0,
   "2": 80.00000000000014
  },
  "Chat2df": {
   "1": 0.0,
   "2": 66.66666666666688
  }
 }
}